"DOCUMENT_ID";"SHEET_ID";"SOURCE_SHEET_ID";"MATERIAL_CODE";"DECOR_CODE";"THICKNESS_MM";"SHEET_WIDTH_MM";"SHEET_LENGTH_MM";"PART_ID";"SOURCE_PART_ID";"X_MM";"Y_MM";"PLACED_WIDTH_MM";"PLACED_LENGTH_MM";"ROTATED_90";"RAW_WIDTH_A_MM";"RAW_LENGTH_B_MM";"SHAPE";"DXF_FILE";"COORDINATE_BASIS"
"AT-64A409181C3E3E09";"S001";"sheet-1";"mdf-white@18mm";"VT_068";"18";"2100";"2800";"P0001";"cabinet-1-part-1";"10";"10";"616";"2199";"0";"616";"2199";"RECTANGLE";"dxf/P0001.dxf";"STOCK_TOP_LEFT_X_RIGHT_Y_DOWN"
"AT-64A409181C3E3E09";"S001";"sheet-1";"mdf-white@18mm";"VT_068";"18";"2100";"2800";"P0002";"cabinet-1-part-2";"629";"10";"616";"2199";"0";"616";"2199";"RECTANGLE";"dxf/P0002.dxf";"STOCK_TOP_LEFT_X_RIGHT_Y_DOWN"
"AT-64A409181C3E3E09";"S001";"sheet-1";"mdf-white@18mm";"VT_068";"18";"2100";"2800";"P0003";"cabinet-1-part-3";"1248";"10";"616";"1164";"1";"1164";"616";"RECTANGLE";"dxf/P0003.dxf";"STOCK_TOP_LEFT_X_RIGHT_Y_DOWN"
"AT-64A409181C3E3E09";"S001";"sheet-1";"mdf-white@18mm";"VT_068";"18";"2100";"2800";"P0004";"cabinet-1-part-4";"1248";"1177";"616";"1164";"1";"1164";"616";"RECTANGLE";"dxf/P0004.dxf";"STOCK_TOP_LEFT_X_RIGHT_Y_DOWN"
"AT-64A409181C3E3E09";"S001";"sheet-1";"mdf-white@18mm";"VT_068";"18";"2100";"2800";"P0014";"cabinet-1-part-14";"1867";"10";"198";"1102";"1";"1102";"198";"RECTANGLE";"dxf/P0014.dxf";"STOCK_TOP_LEFT_X_RIGHT_Y_DOWN"
"AT-64A409181C3E3E09";"S001";"sheet-1";"mdf-white@18mm";"VT_068";"18";"2100";"2800";"P0015";"cabinet-1-part-15";"1867";"1177";"198";"1102";"1";"1102";"198";"RECTANGLE";"dxf/P0015.dxf";"STOCK_TOP_LEFT_X_RIGHT_Y_DOWN"
"AT-64A409181C3E3E09";"S001";"sheet-1";"mdf-white@18mm";"VT_068";"18";"2100";"2800";"P0012";"cabinet-1-part-12";"10";"2212";"198";"577";"1";"577";"198";"RECTANGLE";"dxf/P0012.dxf";"STOCK_TOP_LEFT_X_RIGHT_Y_DOWN"
"AT-64A409181C3E3E09";"S001";"sheet-1";"mdf-white@18mm";"VT_068";"18";"2100";"2800";"P0013";"cabinet-1-part-13";"211";"2212";"198";"577";"1";"577";"198";"RECTANGLE";"dxf/P0013.dxf";"STOCK_TOP_LEFT_X_RIGHT_Y_DOWN"
"AT-64A409181C3E3E09";"S001";"sheet-1";"mdf-white@18mm";"VT_068";"18";"2100";"2800";"P0018";"cabinet-1-part-18";"412";"2212";"198";"577";"1";"577";"198";"RECTANGLE";"dxf/P0018.dxf";"STOCK_TOP_LEFT_X_RIGHT_Y_DOWN"
"AT-64A409181C3E3E09";"S001";"sheet-1";"mdf-white@18mm";"VT_068";"18";"2100";"2800";"P0019";"cabinet-1-part-19";"629";"2212";"198";"577";"1";"577";"198";"RECTANGLE";"dxf/P0019.dxf";"STOCK_TOP_LEFT_X_RIGHT_Y_DOWN"
"AT-64A409181C3E3E09";"S002";"sheet-2";"mdf-white@18mm";"VT_068";"18";"2100";"2800";"P0006";"cabinet-1-part-6";"10";"10";"1164";"616";"0";"1164";"616";"RECTANGLE";"dxf/P0006.dxf";"STOCK_TOP_LEFT_X_RIGHT_Y_DOWN"
"AT-64A409181C3E3E09";"S002";"sheet-2";"mdf-white@18mm";"VT_068";"18";"2100";"2800";"P0007";"cabinet-1-part-7";"10";"629";"1164";"616";"0";"1164";"616";"RECTANGLE";"dxf/P0007.dxf";"STOCK_TOP_LEFT_X_RIGHT_Y_DOWN"
"AT-64A409181C3E3E09";"S002";"sheet-2";"mdf-white@18mm";"VT_068";"18";"2100";"2800";"P0020";"cabinet-1-part-20";"10";"1248";"198";"1102";"1";"1102";"198";"RECTANGLE";"dxf/P0020.dxf";"STOCK_TOP_LEFT_X_RIGHT_Y_DOWN"
"AT-64A409181C3E3E09";"S002";"sheet-2";"mdf-white@18mm";"VT_068";"18";"2100";"2800";"P0021";"cabinet-1-part-21";"211";"1248";"198";"1102";"1";"1102";"198";"RECTANGLE";"dxf/P0021.dxf";"STOCK_TOP_LEFT_X_RIGHT_Y_DOWN"
"AT-64A409181C3E3E09";"S002";"sheet-2";"mdf-white@18mm";"VT_068";"18";"2100";"2800";"P0008";"cabinet-1-part-8";"412";"1248";"89";"1164";"1";"1164";"89";"RECTANGLE";"dxf/P0008.dxf";"STOCK_TOP_LEFT_X_RIGHT_Y_DOWN"
"AT-64A409181C3E3E09";"S003";"sheet-3";"thin-back-3@3mm";"";"3";"2100";"2800";"P0005";"cabinet-1-part-5";"10";"10";"1200";"2100";"0";"1200";"2100";"RECTANGLE";"dxf/P0005.dxf";"STOCK_TOP_LEFT_X_RIGHT_Y_DOWN"
"AT-64A409181C3E3E09";"S004";"sheet-4";"mdf-oak@18mm";"YT_10E";"18";"2100";"2800";"P0010";"cabinet-1-part-10";"10";"10";"595";"922";"0";"595";"922";"RECTANGLE";"dxf/P0010.dxf";"STOCK_TOP_LEFT_X_RIGHT_Y_DOWN"
"AT-64A409181C3E3E09";"S004";"sheet-4";"mdf-oak@18mm";"YT_10E";"18";"2100";"2800";"P0009";"cabinet-1-part-9";"10";"935";"595";"922";"0";"595";"922";"RECTANGLE";"dxf/P0009.dxf";"STOCK_TOP_LEFT_X_RIGHT_Y_DOWN"
"AT-64A409181C3E3E09";"S004";"sheet-4";"mdf-oak@18mm";"YT_10E";"18";"2100";"2800";"P0023";"cabinet-1-part-23";"10";"1860";"595";"670";"0";"595";"670";"RECTANGLE";"dxf/P0023.dxf";"STOCK_TOP_LEFT_X_RIGHT_Y_DOWN"
"AT-64A409181C3E3E09";"S004";"sheet-4";"mdf-oak@18mm";"YT_10E";"18";"2100";"2800";"P0024";"cabinet-1-part-24";"608";"10";"595";"670";"0";"595";"670";"RECTANGLE";"dxf/P0024.dxf";"STOCK_TOP_LEFT_X_RIGHT_Y_DOWN"
"AT-64A409181C3E3E09";"S004";"sheet-4";"mdf-oak@18mm";"YT_10E";"18";"2100";"2800";"P0011";"cabinet-1-part-11";"608";"683";"1194";"245";"0";"1194";"245";"RECTANGLE";"dxf/P0011.dxf";"STOCK_TOP_LEFT_X_RIGHT_Y_DOWN"
"AT-64A409181C3E3E09";"S004";"sheet-4";"mdf-oak@18mm";"YT_10E";"18";"2100";"2800";"P0017";"cabinet-1-part-17";"608";"931";"1194";"245";"0";"1194";"245";"RECTANGLE";"dxf/P0017.dxf";"STOCK_TOP_LEFT_X_RIGHT_Y_DOWN"
"AT-64A409181C3E3E09";"S005";"sheet-5";"hdf-back@8mm";"VT_068";"8";"2100";"2800";"P0016";"cabinet-1-part-16";"10";"10";"1138";"577";"0";"1138";"577";"RECTANGLE";"dxf/P0016.dxf";"STOCK_TOP_LEFT_X_RIGHT_Y_DOWN"
"AT-64A409181C3E3E09";"S005";"sheet-5";"hdf-back@8mm";"VT_068";"8";"2100";"2800";"P0022";"cabinet-1-part-22";"10";"590";"1138";"577";"0";"1138";"577";"RECTANGLE";"dxf/P0022.dxf";"STOCK_TOP_LEFT_X_RIGHT_Y_DOWN"
