"DOCUMENT_ID";"SHEET_ID";"SOURCE_SHEET_ID";"MATERIAL_CODE";"DECOR_CODE";"THICKNESS_MM";"SEQUENCE";"CUT_ID";"AXIS";"START_X_MM";"START_Y_MM";"END_X_MM";"END_Y_MM";"SAW_KERF_MM";"CUT_KIND";"PARENT_REGION_ID";"RESULT_REGION_IDS";"RETAINED_EDGE";"COORDINATE_BASIS";"PARENT_X_MM";"PARENT_Y_MM";"PARENT_WIDTH_MM";"PARENT_LENGTH_MM";"BLADE_CENTER_OFFSET_MM";"RETAINED_SIZE_MM"
"AT-64A409181C3E3E09";"S001";"sheet-1";"mdf-white@18mm";"VT_068";"18";"1";"sheet-1-C0001";"X";"8.5";"0";"8.5";"2800";"3";"trim";"sheet-1-R0001";"sheet-1-R0002|sheet-1-R0003";"right";"STOCK_TOP_LEFT_X_RIGHT_Y_DOWN_BLADE_CENTERLINE";"0";"0";"2100";"2800";"8.5";"2090"
"AT-64A409181C3E3E09";"S001";"sheet-1";"mdf-white@18mm";"VT_068";"18";"2";"sheet-1-C0002";"X";"2091.5";"0";"2091.5";"2800";"3";"trim";"sheet-1-R0003";"sheet-1-R0004|sheet-1-R0005";"left";"STOCK_TOP_LEFT_X_RIGHT_Y_DOWN_BLADE_CENTERLINE";"10";"0";"2090";"2800";"2081.5";"2080"
"AT-64A409181C3E3E09";"S001";"sheet-1";"mdf-white@18mm";"VT_068";"18";"3";"sheet-1-C0003";"Y";"10";"8.5";"2090";"8.5";"3";"trim";"sheet-1-R0004";"sheet-1-R0006|sheet-1-R0007";"bottom";"STOCK_TOP_LEFT_X_RIGHT_Y_DOWN_BLADE_CENTERLINE";"10";"0";"2080";"2800";"8.5";"2790"
"AT-64A409181C3E3E09";"S001";"sheet-1";"mdf-white@18mm";"VT_068";"18";"4";"sheet-1-C0004";"Y";"10";"2791.5";"2090";"2791.5";"3";"trim";"sheet-1-R0007";"sheet-1-R0008|sheet-1-R0009";"top";"STOCK_TOP_LEFT_X_RIGHT_Y_DOWN_BLADE_CENTERLINE";"10";"10";"2080";"2790";"2781.5";"2780"
"AT-64A409181C3E3E09";"S001";"sheet-1";"mdf-white@18mm";"VT_068";"18";"5";"sheet-1-C0005";"X";"627.5";"10";"627.5";"2790";"3";"separate";"sheet-1-R0008";"sheet-1-R0010|sheet-1-R0011";"left";"STOCK_TOP_LEFT_X_RIGHT_Y_DOWN_BLADE_CENTERLINE";"10";"10";"2080";"2780";"617.5";"616"
"AT-64A409181C3E3E09";"S001";"sheet-1";"mdf-white@18mm";"VT_068";"18";"6";"sheet-1-C0006";"Y";"10";"2210.5";"626";"2210.5";"3";"separate";"sheet-1-R0010";"sheet-1-R0012|sheet-1-R0013";"top";"STOCK_TOP_LEFT_X_RIGHT_Y_DOWN_BLADE_CENTERLINE";"10";"10";"616";"2780";"2200.5";"2199"
"AT-64A409181C3E3E09";"S001";"sheet-1";"mdf-white@18mm";"VT_068";"18";"7";"sheet-1-C0007";"X";"1246.5";"10";"1246.5";"2790";"3";"separate";"sheet-1-R0011";"sheet-1-R0014|sheet-1-R0015";"left";"STOCK_TOP_LEFT_X_RIGHT_Y_DOWN_BLADE_CENTERLINE";"629";"10";"1461";"2780";"617.5";"616"
"AT-64A409181C3E3E09";"S001";"sheet-1";"mdf-white@18mm";"VT_068";"18";"8";"sheet-1-C0008";"Y";"629";"2210.5";"1245";"2210.5";"3";"separate";"sheet-1-R0014";"sheet-1-R0016|sheet-1-R0017";"top";"STOCK_TOP_LEFT_X_RIGHT_Y_DOWN_BLADE_CENTERLINE";"629";"10";"616";"2780";"2200.5";"2199"
"AT-64A409181C3E3E09";"S001";"sheet-1";"mdf-white@18mm";"VT_068";"18";"9";"sheet-1-C0009";"Y";"1248";"1175.5";"2090";"1175.5";"3";"separate";"sheet-1-R0015";"sheet-1-R0018|sheet-1-R0019";"top";"STOCK_TOP_LEFT_X_RIGHT_Y_DOWN_BLADE_CENTERLINE";"1248";"10";"842";"2780";"1165.5";"1164"
"AT-64A409181C3E3E09";"S001";"sheet-1";"mdf-white@18mm";"VT_068";"18";"10";"sheet-1-C0010";"X";"1865.5";"10";"1865.5";"1174";"3";"separate";"sheet-1-R0018";"sheet-1-R0020|sheet-1-R0021";"left";"STOCK_TOP_LEFT_X_RIGHT_Y_DOWN_BLADE_CENTERLINE";"1248";"10";"842";"1164";"617.5";"616"
"AT-64A409181C3E3E09";"S001";"sheet-1";"mdf-white@18mm";"VT_068";"18";"11";"sheet-1-C0011";"Y";"1248";"2342.5";"2090";"2342.5";"3";"separate";"sheet-1-R0019";"sheet-1-R0022|sheet-1-R0023";"top";"STOCK_TOP_LEFT_X_RIGHT_Y_DOWN_BLADE_CENTERLINE";"1248";"1177";"842";"1613";"1165.5";"1164"
"AT-64A409181C3E3E09";"S001";"sheet-1";"mdf-white@18mm";"VT_068";"18";"12";"sheet-1-C0012";"X";"1865.5";"1177";"1865.5";"2341";"3";"separate";"sheet-1-R0022";"sheet-1-R0024|sheet-1-R0025";"left";"STOCK_TOP_LEFT_X_RIGHT_Y_DOWN_BLADE_CENTERLINE";"1248";"1177";"842";"1164";"617.5";"616"
"AT-64A409181C3E3E09";"S001";"sheet-1";"mdf-white@18mm";"VT_068";"18";"13";"sheet-1-C0013";"X";"2066.5";"10";"2066.5";"1174";"3";"separate";"sheet-1-R0021";"sheet-1-R0026|sheet-1-R0027";"left";"STOCK_TOP_LEFT_X_RIGHT_Y_DOWN_BLADE_CENTERLINE";"1867";"10";"223";"1164";"199.5";"198"
"AT-64A409181C3E3E09";"S001";"sheet-1";"mdf-white@18mm";"VT_068";"18";"14";"sheet-1-C0014";"Y";"1867";"1113.5";"2065";"1113.5";"3";"separate";"sheet-1-R0026";"sheet-1-R0028|sheet-1-R0029";"top";"STOCK_TOP_LEFT_X_RIGHT_Y_DOWN_BLADE_CENTERLINE";"1867";"10";"198";"1164";"1103.5";"1102"
"AT-64A409181C3E3E09";"S001";"sheet-1";"mdf-white@18mm";"VT_068";"18";"15";"sheet-1-C0015";"X";"2066.5";"1177";"2066.5";"2341";"3";"separate";"sheet-1-R0025";"sheet-1-R0030|sheet-1-R0031";"left";"STOCK_TOP_LEFT_X_RIGHT_Y_DOWN_BLADE_CENTERLINE";"1867";"1177";"223";"1164";"199.5";"198"
"AT-64A409181C3E3E09";"S001";"sheet-1";"mdf-white@18mm";"VT_068";"18";"16";"sheet-1-C0016";"Y";"1867";"2280.5";"2065";"2280.5";"3";"separate";"sheet-1-R0030";"sheet-1-R0032|sheet-1-R0033";"top";"STOCK_TOP_LEFT_X_RIGHT_Y_DOWN_BLADE_CENTERLINE";"1867";"1177";"198";"1164";"1103.5";"1102"
"AT-64A409181C3E3E09";"S001";"sheet-1";"mdf-white@18mm";"VT_068";"18";"17";"sheet-1-C0017";"X";"209.5";"2212";"209.5";"2790";"3";"separate";"sheet-1-R0013";"sheet-1-R0034|sheet-1-R0035";"left";"STOCK_TOP_LEFT_X_RIGHT_Y_DOWN_BLADE_CENTERLINE";"10";"2212";"616";"578";"199.5";"198"
"AT-64A409181C3E3E09";"S001";"sheet-1";"mdf-white@18mm";"VT_068";"18";"18";"sheet-1-C0018";"Y";"10";"2790.5";"208";"2790.5";"3";"separate";"sheet-1-R0034";"sheet-1-R0036";"top";"STOCK_TOP_LEFT_X_RIGHT_Y_DOWN_BLADE_CENTERLINE";"10";"2212";"198";"578";"578.5";"577"
"AT-64A409181C3E3E09";"S001";"sheet-1";"mdf-white@18mm";"VT_068";"18";"19";"sheet-1-C0019";"X";"410.5";"2212";"410.5";"2790";"3";"separate";"sheet-1-R0035";"sheet-1-R0037|sheet-1-R0038";"left";"STOCK_TOP_LEFT_X_RIGHT_Y_DOWN_BLADE_CENTERLINE";"211";"2212";"415";"578";"199.5";"198"
"AT-64A409181C3E3E09";"S001";"sheet-1";"mdf-white@18mm";"VT_068";"18";"20";"sheet-1-C0020";"Y";"211";"2790.5";"409";"2790.5";"3";"separate";"sheet-1-R0037";"sheet-1-R0039";"top";"STOCK_TOP_LEFT_X_RIGHT_Y_DOWN_BLADE_CENTERLINE";"211";"2212";"198";"578";"578.5";"577"
"AT-64A409181C3E3E09";"S001";"sheet-1";"mdf-white@18mm";"VT_068";"18";"21";"sheet-1-C0021";"X";"611.5";"2212";"611.5";"2790";"3";"separate";"sheet-1-R0038";"sheet-1-R0040|sheet-1-R0041";"left";"STOCK_TOP_LEFT_X_RIGHT_Y_DOWN_BLADE_CENTERLINE";"412";"2212";"214";"578";"199.5";"198"
"AT-64A409181C3E3E09";"S001";"sheet-1";"mdf-white@18mm";"VT_068";"18";"22";"sheet-1-C0022";"Y";"412";"2790.5";"610";"2790.5";"3";"separate";"sheet-1-R0040";"sheet-1-R0042";"top";"STOCK_TOP_LEFT_X_RIGHT_Y_DOWN_BLADE_CENTERLINE";"412";"2212";"198";"578";"578.5";"577"
"AT-64A409181C3E3E09";"S001";"sheet-1";"mdf-white@18mm";"VT_068";"18";"23";"sheet-1-C0023";"X";"828.5";"2212";"828.5";"2790";"3";"separate";"sheet-1-R0017";"sheet-1-R0043|sheet-1-R0044";"left";"STOCK_TOP_LEFT_X_RIGHT_Y_DOWN_BLADE_CENTERLINE";"629";"2212";"616";"578";"199.5";"198"
"AT-64A409181C3E3E09";"S001";"sheet-1";"mdf-white@18mm";"VT_068";"18";"24";"sheet-1-C0024";"Y";"629";"2790.5";"827";"2790.5";"3";"separate";"sheet-1-R0043";"sheet-1-R0045";"top";"STOCK_TOP_LEFT_X_RIGHT_Y_DOWN_BLADE_CENTERLINE";"629";"2212";"198";"578";"578.5";"577"
"AT-64A409181C3E3E09";"S002";"sheet-2";"mdf-white@18mm";"VT_068";"18";"1";"sheet-2-C0001";"X";"8.5";"0";"8.5";"2800";"3";"trim";"sheet-2-R0001";"sheet-2-R0002|sheet-2-R0003";"right";"STOCK_TOP_LEFT_X_RIGHT_Y_DOWN_BLADE_CENTERLINE";"0";"0";"2100";"2800";"8.5";"2090"
"AT-64A409181C3E3E09";"S002";"sheet-2";"mdf-white@18mm";"VT_068";"18";"2";"sheet-2-C0002";"X";"2091.5";"0";"2091.5";"2800";"3";"trim";"sheet-2-R0003";"sheet-2-R0004|sheet-2-R0005";"left";"STOCK_TOP_LEFT_X_RIGHT_Y_DOWN_BLADE_CENTERLINE";"10";"0";"2090";"2800";"2081.5";"2080"
"AT-64A409181C3E3E09";"S002";"sheet-2";"mdf-white@18mm";"VT_068";"18";"3";"sheet-2-C0003";"Y";"10";"8.5";"2090";"8.5";"3";"trim";"sheet-2-R0004";"sheet-2-R0006|sheet-2-R0007";"bottom";"STOCK_TOP_LEFT_X_RIGHT_Y_DOWN_BLADE_CENTERLINE";"10";"0";"2080";"2800";"8.5";"2790"
"AT-64A409181C3E3E09";"S002";"sheet-2";"mdf-white@18mm";"VT_068";"18";"4";"sheet-2-C0004";"Y";"10";"2791.5";"2090";"2791.5";"3";"trim";"sheet-2-R0007";"sheet-2-R0008|sheet-2-R0009";"top";"STOCK_TOP_LEFT_X_RIGHT_Y_DOWN_BLADE_CENTERLINE";"10";"10";"2080";"2790";"2781.5";"2780"
"AT-64A409181C3E3E09";"S002";"sheet-2";"mdf-white@18mm";"VT_068";"18";"5";"sheet-2-C0005";"Y";"10";"627.5";"2090";"627.5";"3";"separate";"sheet-2-R0008";"sheet-2-R0010|sheet-2-R0011";"top";"STOCK_TOP_LEFT_X_RIGHT_Y_DOWN_BLADE_CENTERLINE";"10";"10";"2080";"2780";"617.5";"616"
"AT-64A409181C3E3E09";"S002";"sheet-2";"mdf-white@18mm";"VT_068";"18";"6";"sheet-2-C0006";"X";"1175.5";"10";"1175.5";"626";"3";"separate";"sheet-2-R0010";"sheet-2-R0012|sheet-2-R0013";"left";"STOCK_TOP_LEFT_X_RIGHT_Y_DOWN_BLADE_CENTERLINE";"10";"10";"2080";"616";"1165.5";"1164"
"AT-64A409181C3E3E09";"S002";"sheet-2";"mdf-white@18mm";"VT_068";"18";"7";"sheet-2-C0007";"Y";"10";"1246.5";"2090";"1246.5";"3";"separate";"sheet-2-R0011";"sheet-2-R0014|sheet-2-R0015";"top";"STOCK_TOP_LEFT_X_RIGHT_Y_DOWN_BLADE_CENTERLINE";"10";"629";"2080";"2161";"617.5";"616"
"AT-64A409181C3E3E09";"S002";"sheet-2";"mdf-white@18mm";"VT_068";"18";"8";"sheet-2-C0008";"X";"1175.5";"629";"1175.5";"1245";"3";"separate";"sheet-2-R0014";"sheet-2-R0016|sheet-2-R0017";"left";"STOCK_TOP_LEFT_X_RIGHT_Y_DOWN_BLADE_CENTERLINE";"10";"629";"2080";"616";"1165.5";"1164"
"AT-64A409181C3E3E09";"S002";"sheet-2";"mdf-white@18mm";"VT_068";"18";"9";"sheet-2-C0009";"X";"209.5";"1248";"209.5";"2790";"3";"separate";"sheet-2-R0015";"sheet-2-R0018|sheet-2-R0019";"left";"STOCK_TOP_LEFT_X_RIGHT_Y_DOWN_BLADE_CENTERLINE";"10";"1248";"2080";"1542";"199.5";"198"
"AT-64A409181C3E3E09";"S002";"sheet-2";"mdf-white@18mm";"VT_068";"18";"10";"sheet-2-C0010";"Y";"10";"2351.5";"208";"2351.5";"3";"separate";"sheet-2-R0018";"sheet-2-R0020|sheet-2-R0021";"top";"STOCK_TOP_LEFT_X_RIGHT_Y_DOWN_BLADE_CENTERLINE";"10";"1248";"198";"1542";"1103.5";"1102"
"AT-64A409181C3E3E09";"S002";"sheet-2";"mdf-white@18mm";"VT_068";"18";"11";"sheet-2-C0011";"X";"410.5";"1248";"410.5";"2790";"3";"separate";"sheet-2-R0019";"sheet-2-R0022|sheet-2-R0023";"left";"STOCK_TOP_LEFT_X_RIGHT_Y_DOWN_BLADE_CENTERLINE";"211";"1248";"1879";"1542";"199.5";"198"
"AT-64A409181C3E3E09";"S002";"sheet-2";"mdf-white@18mm";"VT_068";"18";"12";"sheet-2-C0012";"Y";"211";"2351.5";"409";"2351.5";"3";"separate";"sheet-2-R0022";"sheet-2-R0024|sheet-2-R0025";"top";"STOCK_TOP_LEFT_X_RIGHT_Y_DOWN_BLADE_CENTERLINE";"211";"1248";"198";"1542";"1103.5";"1102"
"AT-64A409181C3E3E09";"S002";"sheet-2";"mdf-white@18mm";"VT_068";"18";"13";"sheet-2-C0013";"X";"502.5";"1248";"502.5";"2790";"3";"separate";"sheet-2-R0023";"sheet-2-R0026|sheet-2-R0027";"left";"STOCK_TOP_LEFT_X_RIGHT_Y_DOWN_BLADE_CENTERLINE";"412";"1248";"1678";"1542";"90.5";"89"
"AT-64A409181C3E3E09";"S002";"sheet-2";"mdf-white@18mm";"VT_068";"18";"14";"sheet-2-C0014";"Y";"412";"2413.5";"501";"2413.5";"3";"separate";"sheet-2-R0026";"sheet-2-R0028|sheet-2-R0029";"top";"STOCK_TOP_LEFT_X_RIGHT_Y_DOWN_BLADE_CENTERLINE";"412";"1248";"89";"1542";"1165.5";"1164"
"AT-64A409181C3E3E09";"S003";"sheet-3";"thin-back-3@3mm";"";"3";"1";"sheet-3-C0001";"X";"8.5";"0";"8.5";"2800";"3";"trim";"sheet-3-R0001";"sheet-3-R0002|sheet-3-R0003";"right";"STOCK_TOP_LEFT_X_RIGHT_Y_DOWN_BLADE_CENTERLINE";"0";"0";"2100";"2800";"8.5";"2090"
"AT-64A409181C3E3E09";"S003";"sheet-3";"thin-back-3@3mm";"";"3";"2";"sheet-3-C0002";"X";"2091.5";"0";"2091.5";"2800";"3";"trim";"sheet-3-R0003";"sheet-3-R0004|sheet-3-R0005";"left";"STOCK_TOP_LEFT_X_RIGHT_Y_DOWN_BLADE_CENTERLINE";"10";"0";"2090";"2800";"2081.5";"2080"
"AT-64A409181C3E3E09";"S003";"sheet-3";"thin-back-3@3mm";"";"3";"3";"sheet-3-C0003";"Y";"10";"8.5";"2090";"8.5";"3";"trim";"sheet-3-R0004";"sheet-3-R0006|sheet-3-R0007";"bottom";"STOCK_TOP_LEFT_X_RIGHT_Y_DOWN_BLADE_CENTERLINE";"10";"0";"2080";"2800";"8.5";"2790"
"AT-64A409181C3E3E09";"S003";"sheet-3";"thin-back-3@3mm";"";"3";"4";"sheet-3-C0004";"Y";"10";"2791.5";"2090";"2791.5";"3";"trim";"sheet-3-R0007";"sheet-3-R0008|sheet-3-R0009";"top";"STOCK_TOP_LEFT_X_RIGHT_Y_DOWN_BLADE_CENTERLINE";"10";"10";"2080";"2790";"2781.5";"2780"
"AT-64A409181C3E3E09";"S003";"sheet-3";"thin-back-3@3mm";"";"3";"5";"sheet-3-C0005";"X";"1211.5";"10";"1211.5";"2790";"3";"separate";"sheet-3-R0008";"sheet-3-R0010|sheet-3-R0011";"left";"STOCK_TOP_LEFT_X_RIGHT_Y_DOWN_BLADE_CENTERLINE";"10";"10";"2080";"2780";"1201.5";"1200"
"AT-64A409181C3E3E09";"S003";"sheet-3";"thin-back-3@3mm";"";"3";"6";"sheet-3-C0006";"Y";"10";"2111.5";"1210";"2111.5";"3";"separate";"sheet-3-R0010";"sheet-3-R0012|sheet-3-R0013";"top";"STOCK_TOP_LEFT_X_RIGHT_Y_DOWN_BLADE_CENTERLINE";"10";"10";"1200";"2780";"2101.5";"2100"
"AT-64A409181C3E3E09";"S004";"sheet-4";"mdf-oak@18mm";"YT_10E";"18";"1";"sheet-4-C0001";"X";"8.5";"0";"8.5";"2800";"3";"trim";"sheet-4-R0001";"sheet-4-R0002|sheet-4-R0003";"right";"STOCK_TOP_LEFT_X_RIGHT_Y_DOWN_BLADE_CENTERLINE";"0";"0";"2100";"2800";"8.5";"2090"
"AT-64A409181C3E3E09";"S004";"sheet-4";"mdf-oak@18mm";"YT_10E";"18";"2";"sheet-4-C0002";"X";"2091.5";"0";"2091.5";"2800";"3";"trim";"sheet-4-R0003";"sheet-4-R0004|sheet-4-R0005";"left";"STOCK_TOP_LEFT_X_RIGHT_Y_DOWN_BLADE_CENTERLINE";"10";"0";"2090";"2800";"2081.5";"2080"
"AT-64A409181C3E3E09";"S004";"sheet-4";"mdf-oak@18mm";"YT_10E";"18";"3";"sheet-4-C0003";"Y";"10";"8.5";"2090";"8.5";"3";"trim";"sheet-4-R0004";"sheet-4-R0006|sheet-4-R0007";"bottom";"STOCK_TOP_LEFT_X_RIGHT_Y_DOWN_BLADE_CENTERLINE";"10";"0";"2080";"2800";"8.5";"2790"
"AT-64A409181C3E3E09";"S004";"sheet-4";"mdf-oak@18mm";"YT_10E";"18";"4";"sheet-4-C0004";"Y";"10";"2791.5";"2090";"2791.5";"3";"trim";"sheet-4-R0007";"sheet-4-R0008|sheet-4-R0009";"top";"STOCK_TOP_LEFT_X_RIGHT_Y_DOWN_BLADE_CENTERLINE";"10";"10";"2080";"2790";"2781.5";"2780"
"AT-64A409181C3E3E09";"S004";"sheet-4";"mdf-oak@18mm";"YT_10E";"18";"5";"sheet-4-C0005";"X";"606.5";"10";"606.5";"2790";"3";"separate";"sheet-4-R0008";"sheet-4-R0010|sheet-4-R0011";"left";"STOCK_TOP_LEFT_X_RIGHT_Y_DOWN_BLADE_CENTERLINE";"10";"10";"2080";"2780";"596.5";"595"
"AT-64A409181C3E3E09";"S004";"sheet-4";"mdf-oak@18mm";"YT_10E";"18";"6";"sheet-4-C0006";"Y";"10";"933.5";"605";"933.5";"3";"separate";"sheet-4-R0010";"sheet-4-R0012|sheet-4-R0013";"top";"STOCK_TOP_LEFT_X_RIGHT_Y_DOWN_BLADE_CENTERLINE";"10";"10";"595";"2780";"923.5";"922"
"AT-64A409181C3E3E09";"S004";"sheet-4";"mdf-oak@18mm";"YT_10E";"18";"7";"sheet-4-C0007";"Y";"10";"1858.5";"605";"1858.5";"3";"separate";"sheet-4-R0013";"sheet-4-R0014|sheet-4-R0015";"top";"STOCK_TOP_LEFT_X_RIGHT_Y_DOWN_BLADE_CENTERLINE";"10";"935";"595";"1855";"923.5";"922"
"AT-64A409181C3E3E09";"S004";"sheet-4";"mdf-oak@18mm";"YT_10E";"18";"8";"sheet-4-C0008";"Y";"10";"2531.5";"605";"2531.5";"3";"separate";"sheet-4-R0015";"sheet-4-R0016|sheet-4-R0017";"top";"STOCK_TOP_LEFT_X_RIGHT_Y_DOWN_BLADE_CENTERLINE";"10";"1860";"595";"930";"671.5";"670"
"AT-64A409181C3E3E09";"S004";"sheet-4";"mdf-oak@18mm";"YT_10E";"18";"9";"sheet-4-C0009";"Y";"608";"681.5";"2090";"681.5";"3";"separate";"sheet-4-R0011";"sheet-4-R0018|sheet-4-R0019";"top";"STOCK_TOP_LEFT_X_RIGHT_Y_DOWN_BLADE_CENTERLINE";"608";"10";"1482";"2780";"671.5";"670"
"AT-64A409181C3E3E09";"S004";"sheet-4";"mdf-oak@18mm";"YT_10E";"18";"10";"sheet-4-C0010";"X";"1204.5";"10";"1204.5";"680";"3";"separate";"sheet-4-R0018";"sheet-4-R0020|sheet-4-R0021";"left";"STOCK_TOP_LEFT_X_RIGHT_Y_DOWN_BLADE_CENTERLINE";"608";"10";"1482";"670";"596.5";"595"
"AT-64A409181C3E3E09";"S004";"sheet-4";"mdf-oak@18mm";"YT_10E";"18";"11";"sheet-4-C0011";"Y";"608";"929.5";"2090";"929.5";"3";"separate";"sheet-4-R0019";"sheet-4-R0022|sheet-4-R0023";"top";"STOCK_TOP_LEFT_X_RIGHT_Y_DOWN_BLADE_CENTERLINE";"608";"683";"1482";"2107";"246.5";"245"
"AT-64A409181C3E3E09";"S004";"sheet-4";"mdf-oak@18mm";"YT_10E";"18";"12";"sheet-4-C0012";"X";"1803.5";"683";"1803.5";"928";"3";"separate";"sheet-4-R0022";"sheet-4-R0024|sheet-4-R0025";"left";"STOCK_TOP_LEFT_X_RIGHT_Y_DOWN_BLADE_CENTERLINE";"608";"683";"1482";"245";"1195.5";"1194"
"AT-64A409181C3E3E09";"S004";"sheet-4";"mdf-oak@18mm";"YT_10E";"18";"13";"sheet-4-C0013";"Y";"608";"1177.5";"2090";"1177.5";"3";"separate";"sheet-4-R0023";"sheet-4-R0026|sheet-4-R0027";"top";"STOCK_TOP_LEFT_X_RIGHT_Y_DOWN_BLADE_CENTERLINE";"608";"931";"1482";"1859";"246.5";"245"
"AT-64A409181C3E3E09";"S004";"sheet-4";"mdf-oak@18mm";"YT_10E";"18";"14";"sheet-4-C0014";"X";"1803.5";"931";"1803.5";"1176";"3";"separate";"sheet-4-R0026";"sheet-4-R0028|sheet-4-R0029";"left";"STOCK_TOP_LEFT_X_RIGHT_Y_DOWN_BLADE_CENTERLINE";"608";"931";"1482";"245";"1195.5";"1194"
"AT-64A409181C3E3E09";"S005";"sheet-5";"hdf-back@8mm";"VT_068";"8";"1";"sheet-5-C0001";"X";"8.5";"0";"8.5";"2800";"3";"trim";"sheet-5-R0001";"sheet-5-R0002|sheet-5-R0003";"right";"STOCK_TOP_LEFT_X_RIGHT_Y_DOWN_BLADE_CENTERLINE";"0";"0";"2100";"2800";"8.5";"2090"
"AT-64A409181C3E3E09";"S005";"sheet-5";"hdf-back@8mm";"VT_068";"8";"2";"sheet-5-C0002";"X";"2091.5";"0";"2091.5";"2800";"3";"trim";"sheet-5-R0003";"sheet-5-R0004|sheet-5-R0005";"left";"STOCK_TOP_LEFT_X_RIGHT_Y_DOWN_BLADE_CENTERLINE";"10";"0";"2090";"2800";"2081.5";"2080"
"AT-64A409181C3E3E09";"S005";"sheet-5";"hdf-back@8mm";"VT_068";"8";"3";"sheet-5-C0003";"Y";"10";"8.5";"2090";"8.5";"3";"trim";"sheet-5-R0004";"sheet-5-R0006|sheet-5-R0007";"bottom";"STOCK_TOP_LEFT_X_RIGHT_Y_DOWN_BLADE_CENTERLINE";"10";"0";"2080";"2800";"8.5";"2790"
"AT-64A409181C3E3E09";"S005";"sheet-5";"hdf-back@8mm";"VT_068";"8";"4";"sheet-5-C0004";"Y";"10";"2791.5";"2090";"2791.5";"3";"trim";"sheet-5-R0007";"sheet-5-R0008|sheet-5-R0009";"top";"STOCK_TOP_LEFT_X_RIGHT_Y_DOWN_BLADE_CENTERLINE";"10";"10";"2080";"2790";"2781.5";"2780"
"AT-64A409181C3E3E09";"S005";"sheet-5";"hdf-back@8mm";"VT_068";"8";"5";"sheet-5-C0005";"Y";"10";"588.5";"2090";"588.5";"3";"separate";"sheet-5-R0008";"sheet-5-R0010|sheet-5-R0011";"top";"STOCK_TOP_LEFT_X_RIGHT_Y_DOWN_BLADE_CENTERLINE";"10";"10";"2080";"2780";"578.5";"577"
"AT-64A409181C3E3E09";"S005";"sheet-5";"hdf-back@8mm";"VT_068";"8";"6";"sheet-5-C0006";"X";"1149.5";"10";"1149.5";"587";"3";"separate";"sheet-5-R0010";"sheet-5-R0012|sheet-5-R0013";"left";"STOCK_TOP_LEFT_X_RIGHT_Y_DOWN_BLADE_CENTERLINE";"10";"10";"2080";"577";"1139.5";"1138"
"AT-64A409181C3E3E09";"S005";"sheet-5";"hdf-back@8mm";"VT_068";"8";"7";"sheet-5-C0007";"Y";"10";"1168.5";"2090";"1168.5";"3";"separate";"sheet-5-R0011";"sheet-5-R0014|sheet-5-R0015";"top";"STOCK_TOP_LEFT_X_RIGHT_Y_DOWN_BLADE_CENTERLINE";"10";"590";"2080";"2200";"578.5";"577"
"AT-64A409181C3E3E09";"S005";"sheet-5";"hdf-back@8mm";"VT_068";"8";"8";"sheet-5-C0008";"X";"1149.5";"590";"1149.5";"1167";"3";"separate";"sheet-5-R0014";"sheet-5-R0016|sheet-5-R0017";"left";"STOCK_TOP_LEFT_X_RIGHT_Y_DOWN_BLADE_CENTERLINE";"10";"590";"2080";"577";"1139.5";"1138"
