"PART_ID";"SOURCE_PART_ID";"CABINET";"OPERATION_ID";"JOINT_ID";"DESCRIPTION";"FACE";"A_MM";"B_MM";"THICKNESS_COORD_MM";"LOCAL_DIRECTION_A";"LOCAL_DIRECTION_B";"LOCAL_DIRECTION_T";"WORLD_ENTRY_X_MM";"WORLD_ENTRY_Y_MM";"WORLD_ENTRY_Z_MM";"DIRECTION_X";"DIRECTION_Y";"DIRECTION_Z";"DIAMETER_MM";"DEPTH_MM";"OPERATION";"REQUIRES_SETUP";"RAW_A_SIZE_MM";"RAW_B_SIZE_MM";"PANEL_THICKNESS_MM";"SCREW_DIAMETER_MM";"SCREW_LENGTH_MM";"DIMENSION_BASIS";"PANEL_ORIENTATION";"PANEL_AXES";"ENTRY_FACE_REFERENCE";"GRAIN_AXIS"
"P0001";"cabinet-1-part-1";"Ortada çekmeceli dolap";"H00001";"J0001";"Sol yan panel";"face-t-min";"50";"2191";"0";"0";"0";"1";"450";"2191";"63";"1";"0";"0";"7";"18";"clearance";"0";"616";"2200";"18";"7";"50";"RAW_BLANK_EDGE_ALREADY_DEDUCTED";"vertical-depth";"Dolap içinde: A arkadan→öne; B alttan→üste; T=0 sol yüzey, T=kalınlık sağ yüzey.";"Yüzey T=0";"NONE"
"P0003";"cabinet-1-part-3";"Ortada çekmeceli dolap";"H00002";"J0001";"Üst panel";"edge-a-min";"0";"50";"9";"1";"0";"0";"468";"2191";"63";"1";"0";"0";"5";"34";"pilot";"0";"1164";"616";"18";"7";"50";"RAW_BLANK_EDGE_ALREADY_DEDUCTED";"horizontal";"Dolap içinde: A soldan→sağa; B arkadan→öne; T=0 alt yüzey, T=kalınlık üst yüzey.";"Kenar, delme A+";"NONE"
"P0001";"cabinet-1-part-1";"Ortada çekmeceli dolap";"H00003";"J0001";"Sol yan panel";"face-t-min";"50";"2191";"0";"0";"0";"1";"450";"2191";"63";"1";"0";"0";"10";"";"countersink";"1";"616";"2200";"18";"7";"50";"RAW_BLANK_EDGE_ALREADY_DEDUCTED";"vertical-depth";"Dolap içinde: A arkadan→öne; B alttan→üste; T=0 sol yüzey, T=kalınlık sağ yüzey.";"Yüzey T=0";"NONE"
"P0001";"cabinet-1-part-1";"Ortada çekmeceli dolap";"H00004";"J0002";"Sol yan panel";"face-t-min";"308";"2191";"0";"0";"0";"1";"450";"2191";"321";"1";"0";"0";"7";"18";"clearance";"0";"616";"2200";"18";"7";"50";"RAW_BLANK_EDGE_ALREADY_DEDUCTED";"vertical-depth";"Dolap içinde: A arkadan→öne; B alttan→üste; T=0 sol yüzey, T=kalınlık sağ yüzey.";"Yüzey T=0";"NONE"
"P0003";"cabinet-1-part-3";"Ortada çekmeceli dolap";"H00005";"J0002";"Üst panel";"edge-a-min";"0";"308";"9";"1";"0";"0";"468";"2191";"321";"1";"0";"0";"5";"34";"pilot";"0";"1164";"616";"18";"7";"50";"RAW_BLANK_EDGE_ALREADY_DEDUCTED";"horizontal";"Dolap içinde: A soldan→sağa; B arkadan→öne; T=0 alt yüzey, T=kalınlık üst yüzey.";"Kenar, delme A+";"NONE"
"P0001";"cabinet-1-part-1";"Ortada çekmeceli dolap";"H00006";"J0002";"Sol yan panel";"face-t-min";"308";"2191";"0";"0";"0";"1";"450";"2191";"321";"1";"0";"0";"10";"";"countersink";"1";"616";"2200";"18";"7";"50";"RAW_BLANK_EDGE_ALREADY_DEDUCTED";"vertical-depth";"Dolap içinde: A arkadan→öne; B alttan→üste; T=0 sol yüzey, T=kalınlık sağ yüzey.";"Yüzey T=0";"NONE"
"P0001";"cabinet-1-part-1";"Ortada çekmeceli dolap";"H00007";"J0003";"Sol yan panel";"face-t-min";"566";"2191";"0";"0";"0";"1";"450";"2191";"579";"1";"0";"0";"7";"18";"clearance";"0";"616";"2200";"18";"7";"50";"RAW_BLANK_EDGE_ALREADY_DEDUCTED";"vertical-depth";"Dolap içinde: A arkadan→öne; B alttan→üste; T=0 sol yüzey, T=kalınlık sağ yüzey.";"Yüzey T=0";"NONE"
"P0003";"cabinet-1-part-3";"Ortada çekmeceli dolap";"H00008";"J0003";"Üst panel";"edge-a-min";"0";"566";"9";"1";"0";"0";"468";"2191";"579";"1";"0";"0";"5";"34";"pilot";"0";"1164";"616";"18";"7";"50";"RAW_BLANK_EDGE_ALREADY_DEDUCTED";"horizontal";"Dolap içinde: A soldan→sağa; B arkadan→öne; T=0 alt yüzey, T=kalınlık üst yüzey.";"Kenar, delme A+";"NONE"
"P0001";"cabinet-1-part-1";"Ortada çekmeceli dolap";"H00009";"J0003";"Sol yan panel";"face-t-min";"566";"2191";"0";"0";"0";"1";"450";"2191";"579";"1";"0";"0";"10";"";"countersink";"1";"616";"2200";"18";"7";"50";"RAW_BLANK_EDGE_ALREADY_DEDUCTED";"vertical-depth";"Dolap içinde: A arkadan→öne; B alttan→üste; T=0 sol yüzey, T=kalınlık sağ yüzey.";"Yüzey T=0";"NONE"
"P0002";"cabinet-1-part-2";"Ortada çekmeceli dolap";"H00010";"J0004";"Sağ yan panel";"face-t-max";"50";"2191";"18";"0";"0";"-1";"1650";"2191";"63";"-1";"0";"0";"7";"18";"clearance";"0";"616";"2200";"18";"7";"50";"RAW_BLANK_EDGE_ALREADY_DEDUCTED";"vertical-depth";"Dolap içinde: A arkadan→öne; B alttan→üste; T=0 sol yüzey, T=kalınlık sağ yüzey.";"Yüzey T=kalınlık";"NONE"
"P0003";"cabinet-1-part-3";"Ortada çekmeceli dolap";"H00011";"J0004";"Üst panel";"edge-a-max";"1164";"50";"9";"-1";"0";"0";"1632";"2191";"63";"-1";"0";"0";"5";"34";"pilot";"0";"1164";"616";"18";"7";"50";"RAW_BLANK_EDGE_ALREADY_DEDUCTED";"horizontal";"Dolap içinde: A soldan→sağa; B arkadan→öne; T=0 alt yüzey, T=kalınlık üst yüzey.";"Kenar, delme A−";"NONE"
"P0002";"cabinet-1-part-2";"Ortada çekmeceli dolap";"H00012";"J0004";"Sağ yan panel";"face-t-max";"50";"2191";"18";"0";"0";"-1";"1650";"2191";"63";"-1";"0";"0";"10";"";"countersink";"1";"616";"2200";"18";"7";"50";"RAW_BLANK_EDGE_ALREADY_DEDUCTED";"vertical-depth";"Dolap içinde: A arkadan→öne; B alttan→üste; T=0 sol yüzey, T=kalınlık sağ yüzey.";"Yüzey T=kalınlık";"NONE"
"P0002";"cabinet-1-part-2";"Ortada çekmeceli dolap";"H00013";"J0005";"Sağ yan panel";"face-t-max";"308";"2191";"18";"0";"0";"-1";"1650";"2191";"321";"-1";"0";"0";"7";"18";"clearance";"0";"616";"2200";"18";"7";"50";"RAW_BLANK_EDGE_ALREADY_DEDUCTED";"vertical-depth";"Dolap içinde: A arkadan→öne; B alttan→üste; T=0 sol yüzey, T=kalınlık sağ yüzey.";"Yüzey T=kalınlık";"NONE"
"P0003";"cabinet-1-part-3";"Ortada çekmeceli dolap";"H00014";"J0005";"Üst panel";"edge-a-max";"1164";"308";"9";"-1";"0";"0";"1632";"2191";"321";"-1";"0";"0";"5";"34";"pilot";"0";"1164";"616";"18";"7";"50";"RAW_BLANK_EDGE_ALREADY_DEDUCTED";"horizontal";"Dolap içinde: A soldan→sağa; B arkadan→öne; T=0 alt yüzey, T=kalınlık üst yüzey.";"Kenar, delme A−";"NONE"
"P0002";"cabinet-1-part-2";"Ortada çekmeceli dolap";"H00015";"J0005";"Sağ yan panel";"face-t-max";"308";"2191";"18";"0";"0";"-1";"1650";"2191";"321";"-1";"0";"0";"10";"";"countersink";"1";"616";"2200";"18";"7";"50";"RAW_BLANK_EDGE_ALREADY_DEDUCTED";"vertical-depth";"Dolap içinde: A arkadan→öne; B alttan→üste; T=0 sol yüzey, T=kalınlık sağ yüzey.";"Yüzey T=kalınlık";"NONE"
"P0002";"cabinet-1-part-2";"Ortada çekmeceli dolap";"H00016";"J0006";"Sağ yan panel";"face-t-max";"566";"2191";"18";"0";"0";"-1";"1650";"2191";"579";"-1";"0";"0";"7";"18";"clearance";"0";"616";"2200";"18";"7";"50";"RAW_BLANK_EDGE_ALREADY_DEDUCTED";"vertical-depth";"Dolap içinde: A arkadan→öne; B alttan→üste; T=0 sol yüzey, T=kalınlık sağ yüzey.";"Yüzey T=kalınlık";"NONE"
"P0003";"cabinet-1-part-3";"Ortada çekmeceli dolap";"H00017";"J0006";"Üst panel";"edge-a-max";"1164";"566";"9";"-1";"0";"0";"1632";"2191";"579";"-1";"0";"0";"5";"34";"pilot";"0";"1164";"616";"18";"7";"50";"RAW_BLANK_EDGE_ALREADY_DEDUCTED";"horizontal";"Dolap içinde: A soldan→sağa; B arkadan→öne; T=0 alt yüzey, T=kalınlık üst yüzey.";"Kenar, delme A−";"NONE"
"P0002";"cabinet-1-part-2";"Ortada çekmeceli dolap";"H00018";"J0006";"Sağ yan panel";"face-t-max";"566";"2191";"18";"0";"0";"-1";"1650";"2191";"579";"-1";"0";"0";"10";"";"countersink";"1";"616";"2200";"18";"7";"50";"RAW_BLANK_EDGE_ALREADY_DEDUCTED";"vertical-depth";"Dolap içinde: A arkadan→öne; B alttan→üste; T=0 sol yüzey, T=kalınlık sağ yüzey.";"Yüzey T=kalınlık";"NONE"
"P0001";"cabinet-1-part-1";"Ortada çekmeceli dolap";"H00019";"J0007";"Sol yan panel";"face-t-min";"50";"109";"0";"0";"0";"1";"450";"109";"63";"1";"0";"0";"7";"18";"clearance";"0";"616";"2200";"18";"7";"50";"RAW_BLANK_EDGE_ALREADY_DEDUCTED";"vertical-depth";"Dolap içinde: A arkadan→öne; B alttan→üste; T=0 sol yüzey, T=kalınlık sağ yüzey.";"Yüzey T=0";"NONE"
"P0004";"cabinet-1-part-4";"Ortada çekmeceli dolap";"H00020";"J0007";"Gövde tabanı";"edge-a-min";"0";"50";"9";"1";"0";"0";"468";"109";"63";"1";"0";"0";"5";"34";"pilot";"0";"1164";"616";"18";"7";"50";"RAW_BLANK_EDGE_ALREADY_DEDUCTED";"horizontal";"Dolap içinde: A soldan→sağa; B arkadan→öne; T=0 alt yüzey, T=kalınlık üst yüzey.";"Kenar, delme A+";"NONE"
"P0001";"cabinet-1-part-1";"Ortada çekmeceli dolap";"H00021";"J0007";"Sol yan panel";"face-t-min";"50";"109";"0";"0";"0";"1";"450";"109";"63";"1";"0";"0";"10";"";"countersink";"1";"616";"2200";"18";"7";"50";"RAW_BLANK_EDGE_ALREADY_DEDUCTED";"vertical-depth";"Dolap içinde: A arkadan→öne; B alttan→üste; T=0 sol yüzey, T=kalınlık sağ yüzey.";"Yüzey T=0";"NONE"
"P0001";"cabinet-1-part-1";"Ortada çekmeceli dolap";"H00022";"J0008";"Sol yan panel";"face-t-min";"308";"109";"0";"0";"0";"1";"450";"109";"321";"1";"0";"0";"7";"18";"clearance";"0";"616";"2200";"18";"7";"50";"RAW_BLANK_EDGE_ALREADY_DEDUCTED";"vertical-depth";"Dolap içinde: A arkadan→öne; B alttan→üste; T=0 sol yüzey, T=kalınlık sağ yüzey.";"Yüzey T=0";"NONE"
"P0004";"cabinet-1-part-4";"Ortada çekmeceli dolap";"H00023";"J0008";"Gövde tabanı";"edge-a-min";"0";"308";"9";"1";"0";"0";"468";"109";"321";"1";"0";"0";"5";"34";"pilot";"0";"1164";"616";"18";"7";"50";"RAW_BLANK_EDGE_ALREADY_DEDUCTED";"horizontal";"Dolap içinde: A soldan→sağa; B arkadan→öne; T=0 alt yüzey, T=kalınlık üst yüzey.";"Kenar, delme A+";"NONE"
"P0001";"cabinet-1-part-1";"Ortada çekmeceli dolap";"H00024";"J0008";"Sol yan panel";"face-t-min";"308";"109";"0";"0";"0";"1";"450";"109";"321";"1";"0";"0";"10";"";"countersink";"1";"616";"2200";"18";"7";"50";"RAW_BLANK_EDGE_ALREADY_DEDUCTED";"vertical-depth";"Dolap içinde: A arkadan→öne; B alttan→üste; T=0 sol yüzey, T=kalınlık sağ yüzey.";"Yüzey T=0";"NONE"
"P0001";"cabinet-1-part-1";"Ortada çekmeceli dolap";"H00025";"J0009";"Sol yan panel";"face-t-min";"566";"109";"0";"0";"0";"1";"450";"109";"579";"1";"0";"0";"7";"18";"clearance";"0";"616";"2200";"18";"7";"50";"RAW_BLANK_EDGE_ALREADY_DEDUCTED";"vertical-depth";"Dolap içinde: A arkadan→öne; B alttan→üste; T=0 sol yüzey, T=kalınlık sağ yüzey.";"Yüzey T=0";"NONE"
"P0004";"cabinet-1-part-4";"Ortada çekmeceli dolap";"H00026";"J0009";"Gövde tabanı";"edge-a-min";"0";"566";"9";"1";"0";"0";"468";"109";"579";"1";"0";"0";"5";"34";"pilot";"0";"1164";"616";"18";"7";"50";"RAW_BLANK_EDGE_ALREADY_DEDUCTED";"horizontal";"Dolap içinde: A soldan→sağa; B arkadan→öne; T=0 alt yüzey, T=kalınlık üst yüzey.";"Kenar, delme A+";"NONE"
"P0001";"cabinet-1-part-1";"Ortada çekmeceli dolap";"H00027";"J0009";"Sol yan panel";"face-t-min";"566";"109";"0";"0";"0";"1";"450";"109";"579";"1";"0";"0";"10";"";"countersink";"1";"616";"2200";"18";"7";"50";"RAW_BLANK_EDGE_ALREADY_DEDUCTED";"vertical-depth";"Dolap içinde: A arkadan→öne; B alttan→üste; T=0 sol yüzey, T=kalınlık sağ yüzey.";"Yüzey T=0";"NONE"
"P0002";"cabinet-1-part-2";"Ortada çekmeceli dolap";"H00028";"J0010";"Sağ yan panel";"face-t-max";"50";"109";"18";"0";"0";"-1";"1650";"109";"63";"-1";"0";"0";"7";"18";"clearance";"0";"616";"2200";"18";"7";"50";"RAW_BLANK_EDGE_ALREADY_DEDUCTED";"vertical-depth";"Dolap içinde: A arkadan→öne; B alttan→üste; T=0 sol yüzey, T=kalınlık sağ yüzey.";"Yüzey T=kalınlık";"NONE"
"P0004";"cabinet-1-part-4";"Ortada çekmeceli dolap";"H00029";"J0010";"Gövde tabanı";"edge-a-max";"1164";"50";"9";"-1";"0";"0";"1632";"109";"63";"-1";"0";"0";"5";"34";"pilot";"0";"1164";"616";"18";"7";"50";"RAW_BLANK_EDGE_ALREADY_DEDUCTED";"horizontal";"Dolap içinde: A soldan→sağa; B arkadan→öne; T=0 alt yüzey, T=kalınlık üst yüzey.";"Kenar, delme A−";"NONE"
"P0002";"cabinet-1-part-2";"Ortada çekmeceli dolap";"H00030";"J0010";"Sağ yan panel";"face-t-max";"50";"109";"18";"0";"0";"-1";"1650";"109";"63";"-1";"0";"0";"10";"";"countersink";"1";"616";"2200";"18";"7";"50";"RAW_BLANK_EDGE_ALREADY_DEDUCTED";"vertical-depth";"Dolap içinde: A arkadan→öne; B alttan→üste; T=0 sol yüzey, T=kalınlık sağ yüzey.";"Yüzey T=kalınlık";"NONE"
"P0002";"cabinet-1-part-2";"Ortada çekmeceli dolap";"H00031";"J0011";"Sağ yan panel";"face-t-max";"308";"109";"18";"0";"0";"-1";"1650";"109";"321";"-1";"0";"0";"7";"18";"clearance";"0";"616";"2200";"18";"7";"50";"RAW_BLANK_EDGE_ALREADY_DEDUCTED";"vertical-depth";"Dolap içinde: A arkadan→öne; B alttan→üste; T=0 sol yüzey, T=kalınlık sağ yüzey.";"Yüzey T=kalınlık";"NONE"
"P0004";"cabinet-1-part-4";"Ortada çekmeceli dolap";"H00032";"J0011";"Gövde tabanı";"edge-a-max";"1164";"308";"9";"-1";"0";"0";"1632";"109";"321";"-1";"0";"0";"5";"34";"pilot";"0";"1164";"616";"18";"7";"50";"RAW_BLANK_EDGE_ALREADY_DEDUCTED";"horizontal";"Dolap içinde: A soldan→sağa; B arkadan→öne; T=0 alt yüzey, T=kalınlık üst yüzey.";"Kenar, delme A−";"NONE"
"P0002";"cabinet-1-part-2";"Ortada çekmeceli dolap";"H00033";"J0011";"Sağ yan panel";"face-t-max";"308";"109";"18";"0";"0";"-1";"1650";"109";"321";"-1";"0";"0";"10";"";"countersink";"1";"616";"2200";"18";"7";"50";"RAW_BLANK_EDGE_ALREADY_DEDUCTED";"vertical-depth";"Dolap içinde: A arkadan→öne; B alttan→üste; T=0 sol yüzey, T=kalınlık sağ yüzey.";"Yüzey T=kalınlık";"NONE"
"P0002";"cabinet-1-part-2";"Ortada çekmeceli dolap";"H00034";"J0012";"Sağ yan panel";"face-t-max";"566";"109";"18";"0";"0";"-1";"1650";"109";"579";"-1";"0";"0";"7";"18";"clearance";"0";"616";"2200";"18";"7";"50";"RAW_BLANK_EDGE_ALREADY_DEDUCTED";"vertical-depth";"Dolap içinde: A arkadan→öne; B alttan→üste; T=0 sol yüzey, T=kalınlık sağ yüzey.";"Yüzey T=kalınlık";"NONE"
"P0004";"cabinet-1-part-4";"Ortada çekmeceli dolap";"H00035";"J0012";"Gövde tabanı";"edge-a-max";"1164";"566";"9";"-1";"0";"0";"1632";"109";"579";"-1";"0";"0";"5";"34";"pilot";"0";"1164";"616";"18";"7";"50";"RAW_BLANK_EDGE_ALREADY_DEDUCTED";"horizontal";"Dolap içinde: A soldan→sağa; B arkadan→öne; T=0 alt yüzey, T=kalınlık üst yüzey.";"Kenar, delme A−";"NONE"
"P0002";"cabinet-1-part-2";"Ortada çekmeceli dolap";"H00036";"J0012";"Sağ yan panel";"face-t-max";"566";"109";"18";"0";"0";"-1";"1650";"109";"579";"-1";"0";"0";"10";"";"countersink";"1";"616";"2200";"18";"7";"50";"RAW_BLANK_EDGE_ALREADY_DEDUCTED";"vertical-depth";"Dolap içinde: A arkadan→öne; B alttan→üste; T=0 sol yüzey, T=kalınlık sağ yüzey.";"Yüzey T=kalınlık";"NONE"
"P0001";"cabinet-1-part-1";"Ortada çekmeceli dolap";"H00037";"J0013";"Sol yan panel";"face-t-min";"50";"1273";"0";"0";"0";"1";"450";"1273";"63";"1";"0";"0";"7";"18";"clearance";"0";"616";"2200";"18";"7";"50";"RAW_BLANK_EDGE_ALREADY_DEDUCTED";"vertical-depth";"Dolap içinde: A arkadan→öne; B alttan→üste; T=0 sol yüzey, T=kalınlık sağ yüzey.";"Yüzey T=0";"NONE"
"P0006";"cabinet-1-part-6";"Ortada çekmeceli dolap";"H00038";"J0013";"Yatay ara panel 1";"edge-a-min";"0";"50";"9";"1";"0";"0";"468";"1273";"63";"1";"0";"0";"5";"34";"pilot";"0";"1164";"616";"18";"7";"50";"RAW_BLANK_EDGE_ALREADY_DEDUCTED";"horizontal";"Dolap içinde: A soldan→sağa; B arkadan→öne; T=0 alt yüzey, T=kalınlık üst yüzey.";"Kenar, delme A+";"NONE"
"P0001";"cabinet-1-part-1";"Ortada çekmeceli dolap";"H00039";"J0013";"Sol yan panel";"face-t-min";"50";"1273";"0";"0";"0";"1";"450";"1273";"63";"1";"0";"0";"10";"";"countersink";"1";"616";"2200";"18";"7";"50";"RAW_BLANK_EDGE_ALREADY_DEDUCTED";"vertical-depth";"Dolap içinde: A arkadan→öne; B alttan→üste; T=0 sol yüzey, T=kalınlık sağ yüzey.";"Yüzey T=0";"NONE"
"P0001";"cabinet-1-part-1";"Ortada çekmeceli dolap";"H00040";"J0014";"Sol yan panel";"face-t-min";"308";"1273";"0";"0";"0";"1";"450";"1273";"321";"1";"0";"0";"7";"18";"clearance";"0";"616";"2200";"18";"7";"50";"RAW_BLANK_EDGE_ALREADY_DEDUCTED";"vertical-depth";"Dolap içinde: A arkadan→öne; B alttan→üste; T=0 sol yüzey, T=kalınlık sağ yüzey.";"Yüzey T=0";"NONE"
"P0006";"cabinet-1-part-6";"Ortada çekmeceli dolap";"H00041";"J0014";"Yatay ara panel 1";"edge-a-min";"0";"308";"9";"1";"0";"0";"468";"1273";"321";"1";"0";"0";"5";"34";"pilot";"0";"1164";"616";"18";"7";"50";"RAW_BLANK_EDGE_ALREADY_DEDUCTED";"horizontal";"Dolap içinde: A soldan→sağa; B arkadan→öne; T=0 alt yüzey, T=kalınlık üst yüzey.";"Kenar, delme A+";"NONE"
"P0001";"cabinet-1-part-1";"Ortada çekmeceli dolap";"H00042";"J0014";"Sol yan panel";"face-t-min";"308";"1273";"0";"0";"0";"1";"450";"1273";"321";"1";"0";"0";"10";"";"countersink";"1";"616";"2200";"18";"7";"50";"RAW_BLANK_EDGE_ALREADY_DEDUCTED";"vertical-depth";"Dolap içinde: A arkadan→öne; B alttan→üste; T=0 sol yüzey, T=kalınlık sağ yüzey.";"Yüzey T=0";"NONE"
"P0001";"cabinet-1-part-1";"Ortada çekmeceli dolap";"H00043";"J0015";"Sol yan panel";"face-t-min";"566";"1273";"0";"0";"0";"1";"450";"1273";"579";"1";"0";"0";"7";"18";"clearance";"0";"616";"2200";"18";"7";"50";"RAW_BLANK_EDGE_ALREADY_DEDUCTED";"vertical-depth";"Dolap içinde: A arkadan→öne; B alttan→üste; T=0 sol yüzey, T=kalınlık sağ yüzey.";"Yüzey T=0";"NONE"
"P0006";"cabinet-1-part-6";"Ortada çekmeceli dolap";"H00044";"J0015";"Yatay ara panel 1";"edge-a-min";"0";"566";"9";"1";"0";"0";"468";"1273";"579";"1";"0";"0";"5";"34";"pilot";"0";"1164";"616";"18";"7";"50";"RAW_BLANK_EDGE_ALREADY_DEDUCTED";"horizontal";"Dolap içinde: A soldan→sağa; B arkadan→öne; T=0 alt yüzey, T=kalınlık üst yüzey.";"Kenar, delme A+";"NONE"
"P0001";"cabinet-1-part-1";"Ortada çekmeceli dolap";"H00045";"J0015";"Sol yan panel";"face-t-min";"566";"1273";"0";"0";"0";"1";"450";"1273";"579";"1";"0";"0";"10";"";"countersink";"1";"616";"2200";"18";"7";"50";"RAW_BLANK_EDGE_ALREADY_DEDUCTED";"vertical-depth";"Dolap içinde: A arkadan→öne; B alttan→üste; T=0 sol yüzey, T=kalınlık sağ yüzey.";"Yüzey T=0";"NONE"
"P0002";"cabinet-1-part-2";"Ortada çekmeceli dolap";"H00046";"J0016";"Sağ yan panel";"face-t-max";"50";"1273";"18";"0";"0";"-1";"1650";"1273";"63";"-1";"0";"0";"7";"18";"clearance";"0";"616";"2200";"18";"7";"50";"RAW_BLANK_EDGE_ALREADY_DEDUCTED";"vertical-depth";"Dolap içinde: A arkadan→öne; B alttan→üste; T=0 sol yüzey, T=kalınlık sağ yüzey.";"Yüzey T=kalınlık";"NONE"
"P0006";"cabinet-1-part-6";"Ortada çekmeceli dolap";"H00047";"J0016";"Yatay ara panel 1";"edge-a-max";"1164";"50";"9";"-1";"0";"0";"1632";"1273";"63";"-1";"0";"0";"5";"34";"pilot";"0";"1164";"616";"18";"7";"50";"RAW_BLANK_EDGE_ALREADY_DEDUCTED";"horizontal";"Dolap içinde: A soldan→sağa; B arkadan→öne; T=0 alt yüzey, T=kalınlık üst yüzey.";"Kenar, delme A−";"NONE"
"P0002";"cabinet-1-part-2";"Ortada çekmeceli dolap";"H00048";"J0016";"Sağ yan panel";"face-t-max";"50";"1273";"18";"0";"0";"-1";"1650";"1273";"63";"-1";"0";"0";"10";"";"countersink";"1";"616";"2200";"18";"7";"50";"RAW_BLANK_EDGE_ALREADY_DEDUCTED";"vertical-depth";"Dolap içinde: A arkadan→öne; B alttan→üste; T=0 sol yüzey, T=kalınlık sağ yüzey.";"Yüzey T=kalınlık";"NONE"
"P0002";"cabinet-1-part-2";"Ortada çekmeceli dolap";"H00049";"J0017";"Sağ yan panel";"face-t-max";"308";"1273";"18";"0";"0";"-1";"1650";"1273";"321";"-1";"0";"0";"7";"18";"clearance";"0";"616";"2200";"18";"7";"50";"RAW_BLANK_EDGE_ALREADY_DEDUCTED";"vertical-depth";"Dolap içinde: A arkadan→öne; B alttan→üste; T=0 sol yüzey, T=kalınlık sağ yüzey.";"Yüzey T=kalınlık";"NONE"
"P0006";"cabinet-1-part-6";"Ortada çekmeceli dolap";"H00050";"J0017";"Yatay ara panel 1";"edge-a-max";"1164";"308";"9";"-1";"0";"0";"1632";"1273";"321";"-1";"0";"0";"5";"34";"pilot";"0";"1164";"616";"18";"7";"50";"RAW_BLANK_EDGE_ALREADY_DEDUCTED";"horizontal";"Dolap içinde: A soldan→sağa; B arkadan→öne; T=0 alt yüzey, T=kalınlık üst yüzey.";"Kenar, delme A−";"NONE"
"P0002";"cabinet-1-part-2";"Ortada çekmeceli dolap";"H00051";"J0017";"Sağ yan panel";"face-t-max";"308";"1273";"18";"0";"0";"-1";"1650";"1273";"321";"-1";"0";"0";"10";"";"countersink";"1";"616";"2200";"18";"7";"50";"RAW_BLANK_EDGE_ALREADY_DEDUCTED";"vertical-depth";"Dolap içinde: A arkadan→öne; B alttan→üste; T=0 sol yüzey, T=kalınlık sağ yüzey.";"Yüzey T=kalınlık";"NONE"
"P0002";"cabinet-1-part-2";"Ortada çekmeceli dolap";"H00052";"J0018";"Sağ yan panel";"face-t-max";"566";"1273";"18";"0";"0";"-1";"1650";"1273";"579";"-1";"0";"0";"7";"18";"clearance";"0";"616";"2200";"18";"7";"50";"RAW_BLANK_EDGE_ALREADY_DEDUCTED";"vertical-depth";"Dolap içinde: A arkadan→öne; B alttan→üste; T=0 sol yüzey, T=kalınlık sağ yüzey.";"Yüzey T=kalınlık";"NONE"
"P0006";"cabinet-1-part-6";"Ortada çekmeceli dolap";"H00053";"J0018";"Yatay ara panel 1";"edge-a-max";"1164";"566";"9";"-1";"0";"0";"1632";"1273";"579";"-1";"0";"0";"5";"34";"pilot";"0";"1164";"616";"18";"7";"50";"RAW_BLANK_EDGE_ALREADY_DEDUCTED";"horizontal";"Dolap içinde: A soldan→sağa; B arkadan→öne; T=0 alt yüzey, T=kalınlık üst yüzey.";"Kenar, delme A−";"NONE"
"P0002";"cabinet-1-part-2";"Ortada çekmeceli dolap";"H00054";"J0018";"Sağ yan panel";"face-t-max";"566";"1273";"18";"0";"0";"-1";"1650";"1273";"579";"-1";"0";"0";"10";"";"countersink";"1";"616";"2200";"18";"7";"50";"RAW_BLANK_EDGE_ALREADY_DEDUCTED";"vertical-depth";"Dolap içinde: A arkadan→öne; B alttan→üste; T=0 sol yüzey, T=kalınlık sağ yüzey.";"Yüzey T=kalınlık";"NONE"
"P0001";"cabinet-1-part-1";"Ortada çekmeceli dolap";"H00055";"J0019";"Sol yan panel";"face-t-min";"50";"775";"0";"0";"0";"1";"450";"775";"63";"1";"0";"0";"7";"18";"clearance";"0";"616";"2200";"18";"7";"50";"RAW_BLANK_EDGE_ALREADY_DEDUCTED";"vertical-depth";"Dolap içinde: A arkadan→öne; B alttan→üste; T=0 sol yüzey, T=kalınlık sağ yüzey.";"Yüzey T=0";"NONE"
"P0007";"cabinet-1-part-7";"Ortada çekmeceli dolap";"H00056";"J0019";"Yatay ara panel 2";"edge-a-min";"0";"50";"9";"1";"0";"0";"468";"775";"63";"1";"0";"0";"5";"34";"pilot";"0";"1164";"616";"18";"7";"50";"RAW_BLANK_EDGE_ALREADY_DEDUCTED";"horizontal";"Dolap içinde: A soldan→sağa; B arkadan→öne; T=0 alt yüzey, T=kalınlık üst yüzey.";"Kenar, delme A+";"NONE"
"P0001";"cabinet-1-part-1";"Ortada çekmeceli dolap";"H00057";"J0019";"Sol yan panel";"face-t-min";"50";"775";"0";"0";"0";"1";"450";"775";"63";"1";"0";"0";"10";"";"countersink";"1";"616";"2200";"18";"7";"50";"RAW_BLANK_EDGE_ALREADY_DEDUCTED";"vertical-depth";"Dolap içinde: A arkadan→öne; B alttan→üste; T=0 sol yüzey, T=kalınlık sağ yüzey.";"Yüzey T=0";"NONE"
"P0001";"cabinet-1-part-1";"Ortada çekmeceli dolap";"H00058";"J0020";"Sol yan panel";"face-t-min";"308";"775";"0";"0";"0";"1";"450";"775";"321";"1";"0";"0";"7";"18";"clearance";"0";"616";"2200";"18";"7";"50";"RAW_BLANK_EDGE_ALREADY_DEDUCTED";"vertical-depth";"Dolap içinde: A arkadan→öne; B alttan→üste; T=0 sol yüzey, T=kalınlık sağ yüzey.";"Yüzey T=0";"NONE"
"P0007";"cabinet-1-part-7";"Ortada çekmeceli dolap";"H00059";"J0020";"Yatay ara panel 2";"edge-a-min";"0";"308";"9";"1";"0";"0";"468";"775";"321";"1";"0";"0";"5";"34";"pilot";"0";"1164";"616";"18";"7";"50";"RAW_BLANK_EDGE_ALREADY_DEDUCTED";"horizontal";"Dolap içinde: A soldan→sağa; B arkadan→öne; T=0 alt yüzey, T=kalınlık üst yüzey.";"Kenar, delme A+";"NONE"
"P0001";"cabinet-1-part-1";"Ortada çekmeceli dolap";"H00060";"J0020";"Sol yan panel";"face-t-min";"308";"775";"0";"0";"0";"1";"450";"775";"321";"1";"0";"0";"10";"";"countersink";"1";"616";"2200";"18";"7";"50";"RAW_BLANK_EDGE_ALREADY_DEDUCTED";"vertical-depth";"Dolap içinde: A arkadan→öne; B alttan→üste; T=0 sol yüzey, T=kalınlık sağ yüzey.";"Yüzey T=0";"NONE"
"P0001";"cabinet-1-part-1";"Ortada çekmeceli dolap";"H00061";"J0021";"Sol yan panel";"face-t-min";"566";"775";"0";"0";"0";"1";"450";"775";"579";"1";"0";"0";"7";"18";"clearance";"0";"616";"2200";"18";"7";"50";"RAW_BLANK_EDGE_ALREADY_DEDUCTED";"vertical-depth";"Dolap içinde: A arkadan→öne; B alttan→üste; T=0 sol yüzey, T=kalınlık sağ yüzey.";"Yüzey T=0";"NONE"
"P0007";"cabinet-1-part-7";"Ortada çekmeceli dolap";"H00062";"J0021";"Yatay ara panel 2";"edge-a-min";"0";"566";"9";"1";"0";"0";"468";"775";"579";"1";"0";"0";"5";"34";"pilot";"0";"1164";"616";"18";"7";"50";"RAW_BLANK_EDGE_ALREADY_DEDUCTED";"horizontal";"Dolap içinde: A soldan→sağa; B arkadan→öne; T=0 alt yüzey, T=kalınlık üst yüzey.";"Kenar, delme A+";"NONE"
"P0001";"cabinet-1-part-1";"Ortada çekmeceli dolap";"H00063";"J0021";"Sol yan panel";"face-t-min";"566";"775";"0";"0";"0";"1";"450";"775";"579";"1";"0";"0";"10";"";"countersink";"1";"616";"2200";"18";"7";"50";"RAW_BLANK_EDGE_ALREADY_DEDUCTED";"vertical-depth";"Dolap içinde: A arkadan→öne; B alttan→üste; T=0 sol yüzey, T=kalınlık sağ yüzey.";"Yüzey T=0";"NONE"
"P0002";"cabinet-1-part-2";"Ortada çekmeceli dolap";"H00064";"J0022";"Sağ yan panel";"face-t-max";"50";"775";"18";"0";"0";"-1";"1650";"775";"63";"-1";"0";"0";"7";"18";"clearance";"0";"616";"2200";"18";"7";"50";"RAW_BLANK_EDGE_ALREADY_DEDUCTED";"vertical-depth";"Dolap içinde: A arkadan→öne; B alttan→üste; T=0 sol yüzey, T=kalınlık sağ yüzey.";"Yüzey T=kalınlık";"NONE"
"P0007";"cabinet-1-part-7";"Ortada çekmeceli dolap";"H00065";"J0022";"Yatay ara panel 2";"edge-a-max";"1164";"50";"9";"-1";"0";"0";"1632";"775";"63";"-1";"0";"0";"5";"34";"pilot";"0";"1164";"616";"18";"7";"50";"RAW_BLANK_EDGE_ALREADY_DEDUCTED";"horizontal";"Dolap içinde: A soldan→sağa; B arkadan→öne; T=0 alt yüzey, T=kalınlık üst yüzey.";"Kenar, delme A−";"NONE"
"P0002";"cabinet-1-part-2";"Ortada çekmeceli dolap";"H00066";"J0022";"Sağ yan panel";"face-t-max";"50";"775";"18";"0";"0";"-1";"1650";"775";"63";"-1";"0";"0";"10";"";"countersink";"1";"616";"2200";"18";"7";"50";"RAW_BLANK_EDGE_ALREADY_DEDUCTED";"vertical-depth";"Dolap içinde: A arkadan→öne; B alttan→üste; T=0 sol yüzey, T=kalınlık sağ yüzey.";"Yüzey T=kalınlık";"NONE"
"P0002";"cabinet-1-part-2";"Ortada çekmeceli dolap";"H00067";"J0023";"Sağ yan panel";"face-t-max";"308";"775";"18";"0";"0";"-1";"1650";"775";"321";"-1";"0";"0";"7";"18";"clearance";"0";"616";"2200";"18";"7";"50";"RAW_BLANK_EDGE_ALREADY_DEDUCTED";"vertical-depth";"Dolap içinde: A arkadan→öne; B alttan→üste; T=0 sol yüzey, T=kalınlık sağ yüzey.";"Yüzey T=kalınlık";"NONE"
"P0007";"cabinet-1-part-7";"Ortada çekmeceli dolap";"H00068";"J0023";"Yatay ara panel 2";"edge-a-max";"1164";"308";"9";"-1";"0";"0";"1632";"775";"321";"-1";"0";"0";"5";"34";"pilot";"0";"1164";"616";"18";"7";"50";"RAW_BLANK_EDGE_ALREADY_DEDUCTED";"horizontal";"Dolap içinde: A soldan→sağa; B arkadan→öne; T=0 alt yüzey, T=kalınlık üst yüzey.";"Kenar, delme A−";"NONE"
"P0002";"cabinet-1-part-2";"Ortada çekmeceli dolap";"H00069";"J0023";"Sağ yan panel";"face-t-max";"308";"775";"18";"0";"0";"-1";"1650";"775";"321";"-1";"0";"0";"10";"";"countersink";"1";"616";"2200";"18";"7";"50";"RAW_BLANK_EDGE_ALREADY_DEDUCTED";"vertical-depth";"Dolap içinde: A arkadan→öne; B alttan→üste; T=0 sol yüzey, T=kalınlık sağ yüzey.";"Yüzey T=kalınlık";"NONE"
"P0002";"cabinet-1-part-2";"Ortada çekmeceli dolap";"H00070";"J0024";"Sağ yan panel";"face-t-max";"566";"775";"18";"0";"0";"-1";"1650";"775";"579";"-1";"0";"0";"7";"18";"clearance";"0";"616";"2200";"18";"7";"50";"RAW_BLANK_EDGE_ALREADY_DEDUCTED";"vertical-depth";"Dolap içinde: A arkadan→öne; B alttan→üste; T=0 sol yüzey, T=kalınlık sağ yüzey.";"Yüzey T=kalınlık";"NONE"
"P0007";"cabinet-1-part-7";"Ortada çekmeceli dolap";"H00071";"J0024";"Yatay ara panel 2";"edge-a-max";"1164";"566";"9";"-1";"0";"0";"1632";"775";"579";"-1";"0";"0";"5";"34";"pilot";"0";"1164";"616";"18";"7";"50";"RAW_BLANK_EDGE_ALREADY_DEDUCTED";"horizontal";"Dolap içinde: A soldan→sağa; B arkadan→öne; T=0 alt yüzey, T=kalınlık üst yüzey.";"Kenar, delme A−";"NONE"
"P0002";"cabinet-1-part-2";"Ortada çekmeceli dolap";"H00072";"J0024";"Sağ yan panel";"face-t-max";"566";"775";"18";"0";"0";"-1";"1650";"775";"579";"-1";"0";"0";"10";"";"countersink";"1";"616";"2200";"18";"7";"50";"RAW_BLANK_EDGE_ALREADY_DEDUCTED";"vertical-depth";"Dolap içinde: A arkadan→öne; B alttan→üste; T=0 sol yüzey, T=kalınlık sağ yüzey.";"Yüzey T=kalınlık";"NONE"
