"PART_ID";"SOURCE_PART_ID";"CABINET";"SECTION_ID";"DESCRIPTION";"MATERIAL_CODE";"MATERIAL";"DECOR_CODE";"THICKNESS_MM";"QUANTITY";"CUT_LENGTH_MM";"CUT_WIDTH_MM";"FINISHED_LENGTH_MM";"FINISHED_WIDTH_MM";"GRAIN_AXIS";"ROTATABLE";"INFO_EDGE_LENGTH_1_MM";"INFO_EDGE_LENGTH_2_MM";"INFO_EDGE_WIDTH_1_MM";"INFO_EDGE_WIDTH_2_MM";"INFO_EDGE_METERS";"EDGE_DESCRIPTION";"SHAPE";"DXF_FILE";"DIMENSION_BASIS"
"P0001";"cabinet-1-part-1";"Ortada çekmeceli dolap";"";"Sol yan panel";"mdf-white@18mm";"Yıldız MDFLAM · Beyaz VT_068 · 18 mm";"VT_068";"18";"1";"2199";"616";"2200";"617";"NONE";"1";"1";"0";"1";"0";"2.817";"Üst 1 mm; Ön 1 mm";"RECTANGLE";"dxf/P0001.dxf";"CUT_BLANK_EDGE_ALREADY_DEDUCTED"
"P0002";"cabinet-1-part-2";"Ortada çekmeceli dolap";"";"Sağ yan panel";"mdf-white@18mm";"Yıldız MDFLAM · Beyaz VT_068 · 18 mm";"VT_068";"18";"1";"2199";"616";"2200";"617";"NONE";"1";"1";"0";"1";"0";"2.817";"Üst 1 mm; Ön 1 mm";"RECTANGLE";"dxf/P0002.dxf";"CUT_BLANK_EDGE_ALREADY_DEDUCTED"
"P0003";"cabinet-1-part-3";"Ortada çekmeceli dolap";"";"Üst panel";"mdf-white@18mm";"Yıldız MDFLAM · Beyaz VT_068 · 18 mm";"VT_068";"18";"1";"616";"1164";"617";"1164";"NONE";"1";"0";"0";"0";"1";"1.164";"Ön 1 mm";"RECTANGLE";"dxf/P0003.dxf";"CUT_BLANK_EDGE_ALREADY_DEDUCTED"
"P0004";"cabinet-1-part-4";"Ortada çekmeceli dolap";"section-bottom";"Gövde tabanı";"mdf-white@18mm";"Yıldız MDFLAM · Beyaz VT_068 · 18 mm";"VT_068";"18";"1";"616";"1164";"617";"1164";"NONE";"1";"0";"0";"0";"1";"1.164";"Ön 1 mm";"RECTANGLE";"dxf/P0004.dxf";"CUT_BLANK_EDGE_ALREADY_DEDUCTED"
"P0005";"cabinet-1-part-5";"Ortada çekmeceli dolap";"";"Arka panel";"thin-back-3@3mm";"Sert lif levha · arkalık · 3 mm";"";"3";"1";"2100";"1200";"2100";"1200";"NONE";"1";"0";"0";"0";"0";"0";"—";"RECTANGLE";"dxf/P0005.dxf";"CUT_BLANK_EDGE_ALREADY_DEDUCTED"
"P0006";"cabinet-1-part-6";"Ortada çekmeceli dolap";"";"Yatay ara panel 1";"mdf-white@18mm";"Yıldız MDFLAM · Beyaz VT_068 · 18 mm";"VT_068";"18";"1";"616";"1164";"617";"1164";"NONE";"1";"0";"0";"0";"1";"1.164";"Ön 1 mm";"RECTANGLE";"dxf/P0006.dxf";"CUT_BLANK_EDGE_ALREADY_DEDUCTED"
"P0007";"cabinet-1-part-7";"Ortada çekmeceli dolap";"";"Yatay ara panel 2";"mdf-white@18mm";"Yıldız MDFLAM · Beyaz VT_068 · 18 mm";"VT_068";"18";"1";"616";"1164";"617";"1164";"NONE";"1";"0";"0";"0";"1";"1.164";"Ön 1 mm";"RECTANGLE";"dxf/P0007.dxf";"CUT_BLANK_EDGE_ALREADY_DEDUCTED"
"P0008";"cabinet-1-part-8";"Ortada çekmeceli dolap";"section-bottom";"Baza ön paneli";"mdf-white@18mm";"Yıldız MDFLAM · Beyaz VT_068 · 18 mm";"VT_068";"18";"1";"89";"1164";"90";"1164";"NONE";"1";"0";"0";"1";"0";"1.164";"Üst 1 mm";"RECTANGLE";"dxf/P0008.dxf";"CUT_BLANK_EDGE_ALREADY_DEDUCTED"
"P0009";"cabinet-1-part-9";"Ortada çekmeceli dolap";"section-top";"Bölme 1 · Üst bölme · Kapak 1";"mdf-oak@18mm";"Yıldız MDFLAM · Valley Meşe YT_10E · 18 mm";"YT_10E";"18";"1";"922";"595";"924";"597";"LENGTH";"0";"1";"1";"1";"1";"3.042";"Üst 1 mm; Alt 1 mm; Sol 1 mm; Sağ 1 mm";"RECTANGLE";"dxf/P0009.dxf";"CUT_BLANK_EDGE_ALREADY_DEDUCTED"
"P0010";"cabinet-1-part-10";"Ortada çekmeceli dolap";"section-top";"Bölme 1 · Üst bölme · Kapak 2";"mdf-oak@18mm";"Yıldız MDFLAM · Valley Meşe YT_10E · 18 mm";"YT_10E";"18";"1";"922";"595";"924";"597";"LENGTH";"0";"1";"1";"1";"1";"3.042";"Üst 1 mm; Alt 1 mm; Sol 1 mm; Sağ 1 mm";"RECTANGLE";"dxf/P0010.dxf";"CUT_BLANK_EDGE_ALREADY_DEDUCTED"
"P0011";"cabinet-1-part-11";"Ortada çekmeceli dolap";"section-middle";"Bölme 2 · Ortadaki çekmeceler · Çekmece önü 1";"mdf-oak@18mm";"Yıldız MDFLAM · Valley Meşe YT_10E · 18 mm";"YT_10E";"18";"1";"245";"1194";"247";"1196";"LENGTH";"0";"1";"1";"1";"1";"2.886";"Üst 1 mm; Alt 1 mm; Sol 1 mm; Sağ 1 mm";"RECTANGLE";"dxf/P0011.dxf";"CUT_BLANK_EDGE_ALREADY_DEDUCTED"
"P0012";"cabinet-1-part-12";"Ortada çekmeceli dolap";"section-middle";"Bölme 2 · Ortadaki çekmeceler · Çekmece 1 · sol yan panel";"mdf-white@18mm";"Yıldız MDFLAM · Beyaz VT_068 · 18 mm";"VT_068";"18";"1";"198";"577";"199";"577";"NONE";"1";"0";"0";"1";"0";"0.577";"Üst 1 mm";"RECTANGLE";"dxf/P0012.dxf";"CUT_BLANK_EDGE_ALREADY_DEDUCTED"
"P0013";"cabinet-1-part-13";"Ortada çekmeceli dolap";"section-middle";"Bölme 2 · Ortadaki çekmeceler · Çekmece 1 · sağ yan panel";"mdf-white@18mm";"Yıldız MDFLAM · Beyaz VT_068 · 18 mm";"VT_068";"18";"1";"198";"577";"199";"577";"NONE";"1";"0";"0";"1";"0";"0.577";"Üst 1 mm";"RECTANGLE";"dxf/P0013.dxf";"CUT_BLANK_EDGE_ALREADY_DEDUCTED"
"P0014";"cabinet-1-part-14";"Ortada çekmeceli dolap";"section-middle";"Bölme 2 · Ortadaki çekmeceler · Çekmece 1 · ön panel";"mdf-white@18mm";"Yıldız MDFLAM · Beyaz VT_068 · 18 mm";"VT_068";"18";"1";"198";"1102";"199";"1102";"NONE";"1";"0";"0";"1";"0";"1.102";"Üst 1 mm";"RECTANGLE";"dxf/P0014.dxf";"CUT_BLANK_EDGE_ALREADY_DEDUCTED"
"P0015";"cabinet-1-part-15";"Ortada çekmeceli dolap";"section-middle";"Bölme 2 · Ortadaki çekmeceler · Çekmece 1 · arka panel";"mdf-white@18mm";"Yıldız MDFLAM · Beyaz VT_068 · 18 mm";"VT_068";"18";"1";"198";"1102";"199";"1102";"NONE";"1";"0";"0";"1";"0";"1.102";"Üst 1 mm";"RECTANGLE";"dxf/P0015.dxf";"CUT_BLANK_EDGE_ALREADY_DEDUCTED"
"P0016";"cabinet-1-part-16";"Ortada çekmeceli dolap";"section-middle";"Bölme 2 · Ortadaki çekmeceler · Çekmece 1 · taban";"hdf-back@8mm";"Yıldız MDFLAM · Beyaz VT_068 · 8 mm";"VT_068";"8";"1";"577";"1138";"577";"1138";"NONE";"1";"0";"0";"0";"0";"0";"—";"RECTANGLE";"dxf/P0016.dxf";"CUT_BLANK_EDGE_ALREADY_DEDUCTED"
"P0017";"cabinet-1-part-17";"Ortada çekmeceli dolap";"section-middle";"Bölme 2 · Ortadaki çekmeceler · Çekmece önü 2";"mdf-oak@18mm";"Yıldız MDFLAM · Valley Meşe YT_10E · 18 mm";"YT_10E";"18";"1";"245";"1194";"247";"1196";"LENGTH";"0";"1";"1";"1";"1";"2.886";"Üst 1 mm; Alt 1 mm; Sol 1 mm; Sağ 1 mm";"RECTANGLE";"dxf/P0017.dxf";"CUT_BLANK_EDGE_ALREADY_DEDUCTED"
"P0018";"cabinet-1-part-18";"Ortada çekmeceli dolap";"section-middle";"Bölme 2 · Ortadaki çekmeceler · Çekmece 2 · sol yan panel";"mdf-white@18mm";"Yıldız MDFLAM · Beyaz VT_068 · 18 mm";"VT_068";"18";"1";"198";"577";"199";"577";"NONE";"1";"0";"0";"1";"0";"0.577";"Üst 1 mm";"RECTANGLE";"dxf/P0018.dxf";"CUT_BLANK_EDGE_ALREADY_DEDUCTED"
"P0019";"cabinet-1-part-19";"Ortada çekmeceli dolap";"section-middle";"Bölme 2 · Ortadaki çekmeceler · Çekmece 2 · sağ yan panel";"mdf-white@18mm";"Yıldız MDFLAM · Beyaz VT_068 · 18 mm";"VT_068";"18";"1";"198";"577";"199";"577";"NONE";"1";"0";"0";"1";"0";"0.577";"Üst 1 mm";"RECTANGLE";"dxf/P0019.dxf";"CUT_BLANK_EDGE_ALREADY_DEDUCTED"
"P0020";"cabinet-1-part-20";"Ortada çekmeceli dolap";"section-middle";"Bölme 2 · Ortadaki çekmeceler · Çekmece 2 · ön panel";"mdf-white@18mm";"Yıldız MDFLAM · Beyaz VT_068 · 18 mm";"VT_068";"18";"1";"198";"1102";"199";"1102";"NONE";"1";"0";"0";"1";"0";"1.102";"Üst 1 mm";"RECTANGLE";"dxf/P0020.dxf";"CUT_BLANK_EDGE_ALREADY_DEDUCTED"
"P0021";"cabinet-1-part-21";"Ortada çekmeceli dolap";"section-middle";"Bölme 2 · Ortadaki çekmeceler · Çekmece 2 · arka panel";"mdf-white@18mm";"Yıldız MDFLAM · Beyaz VT_068 · 18 mm";"VT_068";"18";"1";"198";"1102";"199";"1102";"NONE";"1";"0";"0";"1";"0";"1.102";"Üst 1 mm";"RECTANGLE";"dxf/P0021.dxf";"CUT_BLANK_EDGE_ALREADY_DEDUCTED"
"P0022";"cabinet-1-part-22";"Ortada çekmeceli dolap";"section-middle";"Bölme 2 · Ortadaki çekmeceler · Çekmece 2 · taban";"hdf-back@8mm";"Yıldız MDFLAM · Beyaz VT_068 · 8 mm";"VT_068";"8";"1";"577";"1138";"577";"1138";"NONE";"1";"0";"0";"0";"0";"0";"—";"RECTANGLE";"dxf/P0022.dxf";"CUT_BLANK_EDGE_ALREADY_DEDUCTED"
"P0023";"cabinet-1-part-23";"Ortada çekmeceli dolap";"section-bottom";"Bölme 3 · Alt bölme · Kapak 1";"mdf-oak@18mm";"Yıldız MDFLAM · Valley Meşe YT_10E · 18 mm";"YT_10E";"18";"1";"670";"595";"672";"597";"LENGTH";"0";"1";"1";"1";"1";"2.538";"Üst 1 mm; Alt 1 mm; Sol 1 mm; Sağ 1 mm";"RECTANGLE";"dxf/P0023.dxf";"CUT_BLANK_EDGE_ALREADY_DEDUCTED"
"P0024";"cabinet-1-part-24";"Ortada çekmeceli dolap";"section-bottom";"Bölme 3 · Alt bölme · Kapak 2";"mdf-oak@18mm";"Yıldız MDFLAM · Valley Meşe YT_10E · 18 mm";"YT_10E";"18";"1";"670";"595";"672";"597";"LENGTH";"0";"1";"1";"1";"1";"2.538";"Üst 1 mm; Alt 1 mm; Sol 1 mm; Sağ 1 mm";"RECTANGLE";"dxf/P0024.dxf";"CUT_BLANK_EDGE_ALREADY_DEDUCTED"
